key,value
GeForce RTX 4090,39486
GeForce RTX 4080,35364
GeForce RTX 4070 Ti,31917
Radeon RX 7900 XTX,31825
GeForce RTX 4090 Laptop GPU,30235
GeForce RTX 3090 Ti,29858
Radeon RX 7900 XT,29323
Radeon RX 6950 XT,29129
GeForce RTX 3080 Ti,27455
GeForce RTX 4080 Laptop GPU,27142
Radeon RX 6900 XT,27018
GeForce RTX 4070,26992
GeForce RTX 3090,26983
GeForce RTX 3080 12GB,26864
GeForce RTX 3080,25446
Radeon RX 6800 XT,25118
GeForce RTX 3070 Ti,23847
RTX A5000,23185
RTX A6000,22566
Radeon RX 6800,22525
GeForce RTX 3070,22505
GeForce RTX 2080 Ti,21887
RTX 4000 Ada Generation Laptop GPU,21533
Radeon RX 6750 XT,21529
RTX A4500,21342
RTX 6000 Ada Generation,20731
GeForce RTX 3060 Ti,20633
NVIDIA A10,20590
GeForce RTX 3080 Ti Laptop GPU,20454
RTX 5000 Ada Generation Laptop GPU,20403
Radeon RX 6700 XT,19931
RTX 4000 SFF Ada Generation,19925
TITAN V,19920
GeForce RTX 4070 Laptop GPU,19910
TITAN RTX,19896
Radeon PRO W6800,19596
GeForce RTX 2080 SUPER,19579
Quadro RTX 8000,19397
Quadro GV100,19325
RTX A5500,19314
TITAN Xp COLLECTORS EDITION,19303
Radeon RX 6700,19161
RTX A4000,19132
Quadro RTX 6000,19106
Radeon RX 6850M XT,18819
GeForce RTX 2080,18818
GeForce RTX 4060 Laptop GPU,18774
NVIDIA A10G,18723
NVIDIA TITAN Xp,18708
GeForce RTX 3070 Ti Laptop GPU,18530
Videocard Name,"Passmark G3D Mark
(higher is better)"
GeForce GTX 1080 Ti,18518
Tesla P40,18514
GeForce RTX 2070 SUPER,18260
RTX A5500 Laptop GPU,18210
RTX 3500 Ada Generation Laptop GPU,17922
Radeon RX 6650 XT,17802
RTX A4500 Laptop GPU,17714
GeForce RTX 3060,17215
TITAN V CEO Edition,16987
Radeon RX 5700 XT,16949
Radeon Pro VII,16853
Radeon VII,16803
GeForce RTX 3080 Laptop GPU,16681
GeForce RTX 2060 SUPER,16613
Radeon RX 5700 XT 50th Anniversary,16613
Radeon RX 6600 XT,16495
GeForce RTX 2070,16178
Quadro RTX 5000,16175
Radeon PRO W6600,15964
RTX A5000 Laptop GPU,15952
GeForce RTX 2060 12GB,15889
RTX A4000 Laptop GPU,15848
GeForce RTX 4050 Laptop GPU,15789
RTX 2000 Ada Generation Laptop GPU,15720
Quadro P6000,15693
Quadro GP100,15607
Radeon Pro Vega II,15592
Radeon Pro W5700,15580
GeForce RTX 3070 Laptop GPU,15571
GeForce GTX 1080,15480
Quadro RTX 4000,15473
Radeon RX 6800S,15240
Radeon RX 6600,15175
GeForce RTX 2080 (Mobile),15107
Quadro RTX 5000 (Mobile),14832
Radeon RX 5700,14722
RTX A3000 12GB Laptop GPU,14722
GeForce GTX 1070 Ti,14703
Radeon RX Vega 64,14629
Radeon RX 6700S,14556
Radeon 6700,14158
GeForce RTX 2060,14101
RTX A2000 12GB,14042
GeForce RTX 2070 Super with Max-Q Design,14023
Radeon Pro WX 8200,13925
GeForce GTX 980 Ti,13880
Radeon RX 5600 XT,13826
GeForce RTX 2080 Super with Max-Q Design,13735
Quadro RTX 5000 with Max-Q Design,13709
Videocard Name,"Passmark G3D Mark
(higher is better)"
RTX A2000,13705
NVIDIA TITAN X,13659
Radeon RX 6600M,13638
Radeon Pro WX 9100,13554
Radeon RX Vega 56,13546
GeForce GTX 1070,13517
Radeon Vega Frontier Edition,13463
Radeon RX 6700M,13389
GeForce RTX 3060 Laptop GPU,13331
A10-8Q,13234
GeForce RTX 2080 with Max-Q Design,13182
Radeon PRO W6600X,13113
GeForce GTX TITAN X,13098
GeForce RTX 3050,13027
GeForce GTX 1660 Ti,12946
Radeon Pro Vega 64,12918
Radeon RX 6800M,12879
Quadro P5200,12846
GeForce GTX 1660 SUPER,12814
Radeon Pro 5700 XT,12690
Quadro RTX 4000 with Max-Q Design,12687
Quadro P5200 with Max-Q Design,12659
Tesla T10,12650
Radeon RX 6650M,12617
Radeon Pro Vega 56,12607
RTX A3000 Laptop GPU,12434
Quadro P4200 with Max-Q Design,12406
Quadro RTX 4000 (Mobile),12384
GeForce RTX 2070 (Mobile),12354
Quadro P5000,12279
Radeon RX 6850M,12274
Radeon Pro V520 MxGPU,12257
GeForce RTX 3050 OEM,11993
GeForce RTX 2070 with Max-Q Design,11903
Quadro M6000 24GB,11879
Radeon Pro 5700,11844
Quadro M6000,11771
GeForce GTX 1660,11739
GeForce GTX 1080 with Max-Q Design,11547
Quadro P4000,11547
Radeon RX 5600,11392
GeForce RTX 2060 (Mobile),11354
Radeon Pro Vega 48,11352
RTX A1000 6GB Laptop GPU,11256
GeForce GTX 980,11148
Quadro RTX 3000,11042
RTX A2000 8GB Laptop GPU,10930
Tesla T4,10867
Radeon Pro SSG,10497
Videocard Name,"Passmark G3D Mark
(higher is better)"
Tesla M40 24GB,10474
GeForce GTX 1070 (Mobile),10465
Quadro P4200,10444
Tesla M40,10212
GeForce GTX 1660 Ti (Mobile),10176
GeForce GTX 1650 SUPER,10109
GeForce RTX 3050 Ti Laptop GPU,10106
RTX A2000 Laptop GPU,10096
GeForce GTX 1070 with Max-Q Design,10085
GeForce GTX 1060,10071
Radeon R9 Fury X,10057
GeForce RTX 3050 6GB Laptop GPU,9918
GeForce RTX 2060 with Max-Q Design,9775
GeForce GTX 1060 3GB,9742
Radeon R9 Fury + Fury X,9741
GeForce GTX 970,9640
Radeon R9 Fury,9602
Radeon RX 590,9559
RTX A1000 Laptop GPU,9527
Radeon RX 6500 XT,9492
Radeon R9 390X,9461
GeForce GTX 780 Ti,9434
Quadro P2200,9377
GeForce RTX 3050 Laptop GPU,9348
Quadro M5000,9318
Radeon Pro 5600M,9280
Radeon RX 5500 XT,9207
NVIDIA A40,9169
Quadro P3200 with Max-Q Design,9163
Radeon Pro W5500,9135
Quadro P4000 with Max-Q Design,9082
Radeon R9 390,9059
GeForce GTX TITAN Black,9057
GeForce GTX TITAN Z,8986
Radeon RX 580,8916
GeForce GTX 1060 5GB,8909
Radeon RX 5500,8799
Quadro P3200,8793
Tesla P4,8766
Radeon R9 290X,8734
Radeon RX 480,8693
GeForce GTX 1660 Ti with Max-Q Design,8686
Radeon R9 295X2,8637
Quadro RTX 3000 with Max-Q Design,8621
Intel Arc A770,8606
Radeon RX590 GME,8470
Radeon R9 290,8401
Radeon R9 290X / 390X,8389
Radeon Pro 5500 XT,8326
Videocard Name,"Passmark G3D Mark
(higher is better)"
Radeon Pro Duo,8293
Tesla V100-PCIE-32GB,8259
GeForce GTX Titan,8204
Radeon Ryzen 7 6800HS,8200
Intel Arc A750,8177
GeForce GTX 1060 (Mobile),8160
Radeon R9 290 / 390,8150
Ryzen 5 4600HS with Radeon Graphics,8120
Radeon RX 470/570,8076
Radeon Ryzen 9 6900HS,8066
Quadro K6000,8065
GeForce GTX 780,8028
Ryzen 9 6900HS,8005
Radeon PRO W6400,7935
Radeon RX 6500M,7929
FirePro W9100,7927
GeForce GTX 1060 with Max-Q Design,7919
Radeon Pro WX 7100,7918
Quadro M5500,7915
GeForce GTX 1650,7851
Radeon RX 5600M,7811
Radeon RX 580X,7798
Tesla M60,7770
Radeon RX 580 2048SP,7766
Radeon Pro 580,7753
T1200 Laptop GPU,7741
T1000,7700
Radeon Ryzen 9 4900HS,7686
Radeon RX 5300,7662
T1000 8GB,7637
GeForce GTX 1650 Ti,7543
Radeon Pro 580X,7540
Tesla M6,7509
Radeon Pro 5300,7493
Radeon RX 6400,7485
Radeon Ryzen 7 4800HS,7361
GeForce GTX 980M,7345
FirePro W8100,7313
Tesla P100-PCIE-16GB,7225
Quadro T2000,7192
Radeon Ryzen 9 7950X 16-Core,7159
Quadro P2000,7023
Quadro M5000M,7017
GeForce GTX 1650 (Mobile),6968
T600 Laptop GPU,6949
Intel Arc A770M,6906
GeForce RTX 3050 4GB Laptop GPU,6903
Quadro T2000 with Max-Q Design,6873
Ryzen 7 6800HS with Radeon Graphics,6867
Videocard Name,"Passmark G3D Mark
(higher is better)"
GeForce RTX 2050,6844
Radeon Pro 5500M,6819
RTX A500 Laptop GPU,6754
GeForce GTX 970XM FORCE,6706
Quadro T1000 with Max-Q Design,6665
Quadro M4000,6638
Quadro T1000,6582
Radeon Pro WX 7130,6577
Quadro P3000,6566
Radeon RX Vega M GH,6545
T600,6504
GeForce GTX 1650 Ti with Max-Q Design,6369
Radeon Pro 570,6336
GeForce GTX 1050 Ti,6297
Quadro M4000M,6275
Radeon R9 380X,6261
Radeon R9 280X,6254
Radeon R9 380,6243
FirePro W9000,6138
GeForce MX570 A,6096
GeForce GTX 1650 with Max-Q Design,6050
GeForce GTX 960,6024
Radeon Pro 5300M,5973
GRID P100-16Q,5944
Quadro K5200,5938
GeForce GTX 1050 Ti (Mobile),5918
GeForce GTX 770,5879
P106-100,5859
Radeon PRO Ryzen 7 PRO 6850U,5858
Ryzen 9 6900HS with Radeon Graphics,5827
Ryzen 9 5900HS with Radeon Graphics,5809
GeForce MX570,5773
GeForce GTX 970M,5730
Ryzen 9 PRO 6950H,5661
Radeon Pro WX 5100,5612
Radeon Ryzen 7 PRO 6850H,5604
Radeon R9 280,5600
Ryzen 7 PRO 6850U,5580
Radeon HD 7990,5565
Radeon Ryzen 7 6800H,5563
Radeon Ryzen 9 7900 12-Core,5558
GeForce GTX 690,5556
Radeon R9 285 / 380,5549
GeForce GTX 680,5529
GRID M60-8A,5523
GeForce GTX 760 Ti OEM,5427
Quadro M3000M,5418
Ryzen 9 6900HX,5415
GeForce GTX 1050 Ti with Max-Q Design,5389
Videocard Name,"Passmark G3D Mark
(higher is better)"
GRID P40-4Q,5364
Ryzen 7 6800HS Creator Edition,5345
GeForce GTX 950,5341
FirePro W7100,5303
GeForce GTX 670,5298
Radeon Ryzen 7 7735HS,5269
Radeon HD 7970 / R9 280X,5247
Ryzen 7 6800H,5247
Ryzen 7 6800HS,5237
Radeon Pro Vega 20,5228
Radeon HD 8990,5214
Radeon Ryzen 9 6900HX,5209
GRID M60-2Q,5203
Radeon RX 5500M,5197
Radeon Ryzen 7 6800HS Creator Edition,5188
Radeon Ryzen 7 PRO 6850HS,5165
Q12U-1,5164
Radeon R9 M295X,5150
GeForce GTX 760 Ti,5145
GeForce GTX 1050 3GB,5142
Radeon Ryzen 7 PRO 6850U,5102
Radeon Ryzen 7 7735U,5092
Ryzen 7 PRO 6860Z,5076
Ryzen 9 PRO 6950HS with Radeon Graphics,5067
Quadro P2000 with Max-Q Design,5061
FirePro S9000,5059
EIZO Quadro MED-XN51LP,5048
GeForce GTX 1050,5046
GeForce GTX 1630,5046
Radeon R9 M395,5020
Ryzen 7 6800U,5006
Ryzen 7 PRO 6850U with Radeon Graphics,4966
Barco MXRT 7600,4943
Radeon R9 270X,4917
FirePro S9050,4901
Radeon Pro WX Vega M GL,4897
Radeon Ryzen 7 PRO 6860Z,4853
Ryzen 7 5800HS with Radeon Graphics,4839
Radeon Instinct MI25 MxGPU,4799
Ryzen 7 6800H with Radeon Graphics,4795
T550 Laptop GPU,4786
GRID RTX6000P-6Q,4777
Radeon R9 M395X,4775
GeForce GTX 760,4772
FirePro S10000,4768
Radeon Ryzen 7 6800U,4766
Radeon HD 7950 / R9 280,4764
Radeon Sky 500,4736
Ryzen 7 PRO 6860Z with Radeon Graphics,4729
Videocard Name,"Passmark G3D Mark
(higher is better)"
GRID P40-24Q,4727
Radeon R9 370,4722
Ryzen 7 6800U with Radeon Graphics,4708
Radeon Pro Vega 16,4682
Radeon HD 7870,4642
GeForce MX550,4574
B8DKMDAP,4557
Radeon Pro 465,4537
GeForce GTX 580,4534
FirePro S7000,4523
GRID T4-8Q,4518
Radeon Ryzen 5 6600H,4507
Radeon R7 370,4506
Radeon HD 7870 XT,4469
GeForce GTX 1050 (Mobile),4461
GRID M60-1B,4456
Citrix Indirect Display Adapter,4446
GRID P6-4Q,4429
Quadro P1000,4418
GeForce GTX 660 Ti,4364
FirePro W7000 Adapter,4361
Radeon Ryzen 5 7535HS,4343
GRID GTX P40-6,4340
Quadro M2200,4334
Tesla K20m,4330
Quadro K4200,4317
Radeon R9 270,4306
GeForce GTX 775M,4271
Radeon R9 270 / R7 370,4259
GRID M60-1Q,4250
FirePro W7000,4239
Ryzen 9 6900HX with Radeon Graphics,4208
Radeon RX 5300M,4197
Radeon Ryzen 7 4800H,4192
GRID V100D-8Q,4155
GeForce GTX 680MX,4142
Radeon RX 460,4118
FirePro W8000,4095
Radeon PRO Ryzen 5 PRO 6650U,4066
GeForce GTX 480,4042
Radeon HD 7800-serie,4029
GRID P40-2Q,4023
GeForce GTX 660,3991
Quadro K5000,3945
GRID P6-2Q,3925
Quadro M2000,3920
GeForce GTX 570,3918
Radeon Ryzen 9 PRO 6950HS,3901
GeForce GTX 750 Ti,3899
Videocard Name,"Passmark G3D Mark
(higher is better)"
GRID M60-8Q,3883
Radeon HD 8970M,3876
Intel Arc A380,3873
GeForce GTX 1050 with Max-Q Design,3856
Radeon HD 7970M,3846
Radeon Ryzen 9 7900X 12-Core,3845
GRID P100-8Q,3841
Radeon HD 7850,3839
Radeon Ryzen 5 6600HS Creator Edition,3838
GRID M60-4Q,3831
GeForce GTX 780M,3794
GeForce GTX 880M,3764
Radeon Pro WX 4100,3759
Barco MXRT 7500,3753
Ryzen 7 PRO 6850HS with Radeon Graphics,3736
GeForce MX450,3713
GeForce GTX 965M,3710
Ryzen 5 6600HS Creator Edition,3685
Radeon Pro 560X,3677
Radeon R9 M485X,3660
T400 4GB,3646
Radeon RX 560,3634
T500,3633
Ryzen 5 PRO 6650U with Radeon Graphics,3629
T400,3621
Quadro P620,3587
Radeon Ryzen 5 PRO 6650U,3574
GeForce GTX 680M KY_Bullet Edition,3568
GRID M6-8Q,3568
Radeon RX Vega M GL,3562
Quadro K2200,3532
Quadro 7000,3505
Ryzen 5 PRO 6650U,3492
Tesla M10,3490
Radeon Pro 560,3475
Radeon Ryzen 5 6600U,3470
GeForce GTX 870M,3464
Radeon Pro 460,3452
GRID T4-2Q,3450
Quadro K2200M,3440
Quadro M2000M,3432
Tesla C2050 / C2070,3428
GeForce GTX 960M,3403
Radeon R9 M470X,3400
GRID K520,3399
Radeon E8870PCIe,3368
Radeon HD8970M,3368
GRID P40-2B,3354
GRID M10-1Q,3351
Videocard Name,"Passmark G3D Mark
(higher is better)"
GeForce GTX 750,3350
Radeon R9 M390X,3346
GeForce GTX 590,3341
Radeon Pro,3329
GeForce GTX 650 Ti BOOST,3325
Tesla C2050,3323
Quadro M1200,3287
GRID T4-4Q,3260
GeForce 770M,3245
Quadro P600,3235
Ryzen 5 6600U with Radeon Graphics,3233
Radeon R9 M290X,3217
Radeon R9 260,3181
Radeon RX 560X,3181
GeForce GTX 680M,3175
FirePro V7000,3161
FirePro W7170M,3161
Radeon Ryzen 7 5800HS,3153
Radeon R7 260X,3144
Radeon Pro 555,3140
Tesla C2075,3118
Radeon Pro 455,3112
Tesla C2070,3101
Quadro K5100M,3094
Intel G35 Express,3090
Radeon HD 7790,3090
Radeon R7 360,3068
GeForce GTX 470,3065
GeForce GTX 860M,3039
Radeon R9 360,3031
GeForce GTX 560 Ti,3025
Radeon HD 6990,3013
GRID M10-4Q,2976
FirePro W5100,2963
FirePro W5000,2960
GRID K260Q,2949
Quadro M1000M,2924
Tesla K20Xm,2917
Radeon R7 260,2891
Ryzen 9 5900HX with Radeon Graphics,2889
Quadro K1200,2864
Eng Sample: 100-000000261-50_Y,2859
Radeon Pro V340 MxGPU,2853
GRID K280Q,2839
GeForce MX350,2826
Radeon HD 6970,2822
FirePro 3D V9800,2811
Quadro M620,2803
Ryzen 7 5700G with Radeon Graphics,2801
Videocard Name,"Passmark G3D Mark
(higher is better)"
GeForce GTX 770M,2787
Ryzen 7 5800H with Radeon Graphics,2782
Radeon Ryzen 7 PRO 7730U,2779
Radeon R9 M380,2770
Quadro K5000M,2763
FirePro W4300,2757
GRID K2,2736
Custom GPU 0405,2731
FirePro S7150,2726
FirePro V9800,2726
FirePro M6100 FireGL V,2722
Radeon Pro 450,2722
GeForce GTX 560,2714
GRID T4-1Q,2702
Barco MXRT 5500,2701
Quadro K4000,2696
Radeon Ryzen 7 4700GE,2695
GRID M10-2Q,2691
Quadro 6000,2691
Intel Iris Xe,2690
Radeon RX 550,2684
GeForce GTX 465,2683
Ryzen 7 Pro 4750G with Radeon Graphics,2681
Radeon Ryzen 7 5800H,2661
Radeon Ryzen 7 7700X 8-Core,2660
Quadro K4100M,2659
GeForce GTX 675MX,2657
Ryzen 7 5700GE with Radeon Graphics,2656
FirePro R5000,2646
MONSTER GeForce GTX 675M,2637
Radeon HD 6950,2634
GRID M10-8Q,2606
GRID T4-2B,2601
Ryzen 5 5600GE with Radeon Graphics,2601
Radeon Ryzen 7 PRO 4750G,2598
GeForce GTX 950M,2597
Radeon Ryzen 7 4700G,2596
Ryzen 5 5600G with Radeon Graphics,2581
Radeon Ryzen 9 4900H,2575
Ryzen 7 PRO 4750GE with Radeon Graphics,2549
Ryzen 7 PRO 5750GE with Radeon Graphics,2543
GRID K240Q,2541
GeForce GTX 850M,2534
Radeon HD 6850 X2,2534
GeForce GTX 650 Ti,2530
FireStream 9370,2528
N18E-Q1,2525
GeForce GTX 950A,2523
Radeon HD 8950,2518
Videocard Name,"Passmark G3D Mark
(higher is better)"
Ryzen 5 PRO 5650G with Radeon Graphics,2505
Ryzen 7 4700GE with Radeon Graphics,2496
GeForce GT 1030,2494
GeForce MX330,2493
Radeon Pro WX 3200,2472
Ryzen 5 PRO 5650GE with Radeon Graphics,2470
Barco MXRT 5600,2465
GeForce MX250,2456
Ryzen 7 PRO 5750G with Radeon Graphics,2452
Radeon Ryzen 5 5600H,2440
Radeon Pro WX 3100,2439
FirePro 3D V8800,2437
Radeon Ryzen 5 7600 6-Core,2423
Ryzen 5 Pro 4650G with Radeon Graphics,2417
Radeon Eng Sample: 100-000000262-30_Y,2415
GeForce GTX 960A,2410
Ryzen 5 4600G with Radeon Graphics,2408
Radeon RX Vega 11 PRD,2401
Ryzen 7 5800U with Radeon Graphics,2388
Radeon Ryzen 7 7730U,2377
Radeon Ryzen 7 5800U,2362
GeForce GTX 485M,2359
FirePro W6150M,2358
Radeon Pro WX 4150,2345
Ryzen 7 4800U with Radeon Graphics,2343
P106-090,2342
GRID M10-2B,2333
Ryzen 5 5600H with Radeon Graphics,2332
Radeon R9 M470,2330
Radeon Ryzen 7 5825U,2329
GRID M10-1B,2309
Radeon HD 5970,2307
Ryzen 3 PRO 5350GE with Radeon Graphics,2307
Ryzen 5 PRO 4400G with Radeon Graphics,2305
FirePro V7900,2304
Radeon Ryzen 5 7530U,2301
Ryzen 7 PRO 5850U with Radeon Graphics,2298
Radeon RX 550X,2296
Radeon Ryzen 5 4400G,2296
Radeon Ryzen 5 PRO 5650GE,2290
GeForce MX150,2289
Intel UHD Graphics P630,2286
Radeon Ryzen 7 4800U,2283
Ryzen 3 PRO 5350G with Radeon Graphics,2282
FirePro V8800,2280
Radeon Ryzen 7 Microsoft Surface Edition,2274
Radeon HD 6970M,2270
Quadro K3100M,2269
GeForce GTX 460,2268
Videocard Name,"Passmark G3D Mark
(higher is better)"
Radeon R7 250X,2268
Ryzen 5 4600H with Radeon Graphics,2264
Ryzen 7 5700U with Radeon Graphics,2248
Ryzen 3 4300GE with Radeon Graphics,2246
Quadro K620,2239
Radeon HD 5870,2236
GRID P100-1B,2223
Radeon HD 6870,2216
Ryzen 7 Extreme Edition,2215
Radeon Ryzen 7 5700U,2211
FirePro M6100,2206
Radeon Ryzen 7 PRO 4750GE,2205
Ryzen 5 5600U with Radeon Graphics,2188
Ryzen 7 4700G with Radeon Graphics,2186
Radeon HD 7770,2171
Ryzen 3 5300GE with Radeon Graphics,2171
Intel Iris Pro P580,2168
Ryzen 3 Pro 4350G with Radeon Graphics,2159
Radeon Ryzen 5 PRO 5650G,2158
GeForce GTX 745,2151
Radeon Ryzen 3 PRO 7330U,2149
Radeon Ryzen 5 5600GE,2147
Quadro M600M,2145
Radeon RX Vega 11,2126
Radeon Ryzen 5 5625U,2120
Ryzen 5 5560U with Radeon Graphics,2120
Ryzen 7 4800H with Radeon Graphics,2113
Radeon Ryzen 5 5500U,2111
Radeon TM R9 A360,2105
FirePro M5100,2102
Radeon Ryzen 5 Microsoft Surface Edition,2094
Quadro P520,2088
Radeon Vega 8 Ryzen 3 3200G,2076
GeForce GTX 580M,2074
GRID M6-1Q,2069
Radeon RX Vega 11 Ryzen 5 3400G,2069
Radeon Ryzen 5 5600U,2064
GeForce 945M,2063
Quadro 5000M,2059
Radeon Ryzen 7 4700U,2054
Ryzen 5 PRO 4650GE with Radeon Graphics,2040
Radeon RX Vega 11 Ryzen 5 3350G,2036
Ryzen 7 4700U with Radeon Graphics,2034
Radeon Ryzen 7 PRO 4750U,2032
Ryzen 7 PRO 4750U with Radeon Graphics,2029
FirePro V7800,2028
Ryzen 5 PRO 5650U with Radeon Graphics,2027
Radeon R9 350,2025
GeForce GTX 460 SE,2011
Videocard Name,"Passmark G3D Mark
(higher is better)"
Radeon Pro W5500M,2010
Ryzen 5 5500U with Radeon Graphics,2010
Intel Iris Xe MAX,2009
Ryzen 5 PRO 4500U with Radeon Graphics,2007
GeForce GT 645,2005
Radeon Ryzen 7 PRO 5875U,2000
Radeon R9 M385X,1993
GeForce GTX 765M,1989
Intel Iris Pro 580,1987
Radeon R7 + R7 350 Dual,1982
Radeon Ryzen 5 5560U,1981
Radeon Ryzen Embedded V2718,1981
Radeon HD 5850,1978
Radeon HD 6850,1972
Ryzen 3 5300G with Radeon Graphics,1963
Radeon R7 + HD 7700 Dual,1962
Radeon HD 7660D + HD 7700 Dual,1958
GeForce GTX 470M,1953
Radeon R7 450,1949
GeForce GTX 675M,1943
GeForce GTX 460 v2,1927
Intel Iris Xe MAX 100,1924
Radeon RX 570X,1923
Radeon HD 7560D + 7700 Dual,1919
Quadro 5000,1918
Quadro K4000M,1917
GeForce GTX 560 SE,1914
Radeon Vega 11 Ryzen 5 PRO 3400G,1913
GeForce GTX 670MX,1906
Matrox C680 PCIe x16,1903
Radeon HD 7700-serie,1899
Radeon RX 540,1896
Radeon HD 8670D + HD 7700 Dual,1892
Radeon Pro WX 4130,1877
Qualcomm Adreno 8cx Gen 3,1875
GeForce GTX 570M,1874
Ryzen 5 4600U with Radeon Graphics,1873
GeForce GTX 645,1869
FirePro 3D V7800,1867
GeForce MX130,1867
Ryzen 3 4300G with Radeon Graphics,1867
Quadro M520,1861
Radeon RX 640,1861
Radeon R9 M385,1853
GeForce 945A,1852
Radeon Ryzen 5 PRO 5675U,1849
Radeon Ryzen Embedded V2748,1842
FirePro M5100 FireGL V,1839
GRID M60-0B,1838
Videocard Name,"Passmark G3D Mark
(higher is better)"
GeForce MX230,1835
Radeon HD 8570D + HD 7700 Dual,1834
Radeon R9 M375X,1828
Intel Iris Plus,1827
MxGPU,1826
Radeon Vega 11,1821
FirePro M6000,1820
Matrox C900 PCIe x16,1812
Intel UHD Graphics 770,1807
Radeon R9 M360,1804
Ryzen 5 4500U with Radeon Graphics,1804
Radeon HD 8870M / R9 M270X / M370X,1799
Radeon RX Vega 11 Processor,1799
Embedded Radeon E9173,1798
Radeon Pro WX 2100,1795
Ryzen 3 PRO 4350GE with Radeon Graphics,1793
Radeon Ryzen 5 4600GE with Radeon Graphics,1792
Radeon HD 8670D + 7700 Dual,1788
Quadro 5010M,1771
Radeon Vega 8 Ryzen 5 3550H,1770
Intel Iris Plus 655,1756
GeForce GTX 650,1753
FirePro M6000 Mobility Pro,1750
Intel UHD Graphics 750,1749
Firepro W5170M,1748
Ryzen 3 PRO 4200GE with Radeon Graphics,1748
GeForce GTX 670M,1746
Radeon Vega 11 Ryzen 5 PRO 3400GE w/,1746
Radeon Ryzen 3 PRO 5450U,1731
Intel UHD Graphics P750,1726
Radeon HD 5830,1723
Intel Iris Plus 645,1721
Radeon Vega 8 Ryzen 3 PRO 3200G,1715
Radeon HD 6900M,1707
Radeon Ryzen 5 7600X 6-Core,1703
Radeon HD 7750,1702
Ryzen 5 PRO 4650U with Radeon Graphics,1702
GeForce GTX 760M,1697
Radeon E8860,1686
Radeon Ryzen 7 7700 8-Core,1685
Radeon R7 M380,1668
Radeon RX Vega 10 Ryzen 7 3750H,1664
Intel UHD Graphics 730,1656
Radeon RX Vega 10,1652
Radeon HD HD7850M,1651
GeForce GT 755M,1648
Radeon Vega 10 Ryzen 7 PRO 3700U w/,1647
FirePro W600,1641
Radeon HD 8870M,1638
Videocard Name,"Passmark G3D Mark
(higher is better)"
Quadro K3000M,1634
FirePro M4000 Mobility Pro,1630
Radeon R9 M275X,1628
Ryzen 3 5400U with Radeon Graphics,1626
Intel Iris Pro P6300,1625
Radeon R7 M465X,1623
GeForce GTX 480M,1617
Ryzen 7 2700U with Radeon Vega,1617
Tesla K40m,1611
FirePro M4000,1608
Radeon HD 6790,1607
Radeon RX Vega11,1605
Seria Radeon HD 7700,1603
Ryzen 3 PRO 5450U with Radeon Graphics,1601
Quadro P400,1597
Radeon Vega 8,1584
Radeon Vega 9,1581
Quadro K2000D,1577
Intel Iris Plus 650,1575
Radeon R9 M275X / M375,1574
GeForce GTX 555,1566
Radeon Vega 10,1562
Quadro K2000,1560
Radeon HD 7560D + HD 6670 Dual,1554
Ryzen 3 5300U with Radeon Graphics,1549
FirePro W4100,1547
Radeon Ryzen 7 7800X3D 8-Core,1547
GeForce GT 740,1545
Radeon HD 8470D + HD 7500 Dual,1545
Ryzen 3 PRO 4300U with Radeon Graphics,1542
GeForce GTX 285,1540
FirePro V8700,1538
Ryzen 3 PRO 4450U with Radeon Graphics,1535
GeForce GTX 550 Ti,1532
Radeon Ryzen 3 5425U,1532
Quadro P500,1528
Radeon R7 FX-9830P RADEON,1523
Radeon HD 4890,1518
Radeon Ryzen 9 7950X3D 16-Core,1511
GeForce 940MX,1509
Radeon HD 7870M,1507
GeForce 845M,1506
Ryzen 5 2500U with Radeon Vega,1503
Radeon HD 6670 + 7660D Dual,1492
Radeon Vega 6 Ryzen 3 3350U,1490
Radeon R9 M370X,1489
Radeon Ryzen 5 PRO 4655G,1489
Quadro 4000,1486
Radeon HD 7660D + HD 6670 Dual,1484
Videocard Name,"Passmark G3D Mark
(higher is better)"
Radeon R9 M365X,1481
Intel UHD Graphics,1479
Radeon RX Vega 8,1474
Radeon Vega 10 Mobile,1472
Radeon RX Vega 10 Ryzen 7 3700U,1469
Radeon Ryzen 3 5300U,1464
Radeon R9 255,1456
GeForce MX110,1454
Ryzen 5 PRO 4400GE with Radeon Graphics,1441
Radeon Eng Sample: 100-000000085-40_35/24_Y,1440
Intel Iris Pro Graphics 6200,1438
Radeon HD 8470D + HD 6670 Dual,1435
GeForce GTX 660M,1433
Radeon Vega 8 Mobile,1433
Intel Iris 650,1432
Radeon 540X,1432
Radeon HD 7560D + 7670 Dual,1426
GeForce GTX 275,1417
Radeon R7 M370,1417
Radeon Vega 8 Ryzen 5 PRO 3500U w/,1416
Radeon 550X,1415
Radeon Pro WX 4170,1409
Radeon Ryzen 7 3700U,1400
Radeon Vega 8 Ryzen 5 3500U,1389
Intel Iris 550,1388
Radeon HD 4870,1385
Radeon Ryzen 3 PRO 4355GE,1385
Radeon HD 7560D + HD 7670 Dual,1380
FirePro W5130M,1379
Radeon HD 7850M,1372
Radeon 540,1370
FirePro M40003,1364
Radeon HD 8670D + 6670 Dual,1361
Quadro K2100M,1356
Radeon HD 7560D + HD 7700 Dual,1346
Intel Iris Plus 640,1344
Radeon HD 5770,1344
FireStream 9270,1341
GeForce GTS 450,1338
Ryzen 3 4300U with Radeon Graphics,1335
Radeon Vega 9 Ryzen 5 Microsoft Surface Edition,1330
Radeon HD 8670D + HD 7600 Dual,1317
Quadro 4000M,1316
FirePro M5950,1314
Radeon Vega 6,1310
Radeon HD 4870 X2,1309
Radeon R7 PRO A8-8670E,1309
Radeon HD 8790M,1305
Tesla M2070-Q,1305
Videocard Name,"Passmark G3D Mark
(higher is better)"
GeForce GT 750M,1304
GeForce 930MX,1303
TENSOR 1.0 Driver Intel HD 630,1299
Radeon Vega 9 Ryzen 5 3550H,1287
Radeon R7 A370,1281
FirePro V5900,1280
Radeon Vega 8 Ryzen 5 3450U,1278
FirePro 3D V8750,1271
Radeon RX Vega 10 Ryzen 7 PRO 3700U w/,1271
Radeon HD 8570D + HD 6670 Dual,1260
Intel UHD Graphics 630,1259
Radeon HD 7560D + HD 7600 Dual,1258
Intel Iris 540,1251
GeForce GTX 280,1244
Radeon 630,1244
Quadro 2000 D,1239
Radeon HD 8570D + 6570 Dual,1239
Radeon HD 6770,1238
Radeon HD 7660D + 6670 Dual,1238
Radeon HD 7560D + HD 6570 Dual,1237
Radeon R7 + R5 340 Dual,1234
Radeon R7 + R7 250 Dual,1232
Radeon Vega 6 Ryzen 3 PRO 3300U w/,1232
FirePro 3D V5800,1231
GeForce GTX 460M,1231
GeForce GTX 260,1226
GeForce GTX 760A,1226
Radeon HD 7730,1224
Radeon HD 8670D + HD 6670 Dual,1221
Quadro FX 5800,1219
GeForce GTX 560M,1218
Radeon Vega 6 Ryzen 3 3300U,1216
Radeon HD 8790M / R9 M290X,1210
GeForce GT 650M,1207
FirePro 3D V8700,1206
Intel Iris Pro 5200,1206
GeForce GPU,1205
N16P-GX,1204
Radeon HD 7660D + 7540D Dual,1204
Radeon R9 M270X,1204
GeForce GT 745A,1201
Radeon RX Vega11 Ryzen 7 Microsoft Surface Edition,1201
Radeon HD 7750M,1191
Radeon R7 +8G,1190
GeForce GTX 295,1188
FirePro V5800,1184
GeForce GT 640,1183
GeForce 840A,1179
Radeon R7 A10-7870K,1179
Videocard Name,"Passmark G3D Mark
(higher is better)"
Radeon R7 Opteron X3421,1168
FireStream 9250,1164
Radeon Ryzen Embedded V2516,1163
Quadro K620M,1162
Radeon HD 5750,1162
Barco MXRT 5400,1161
NVS 810,1161
Intel HD P630,1160
Intel Coffee Lake UHD,1158
Firepro W4190M,1156
Intel HD P530,1152
Quadro M500M,1152
Radeon Ryzen 3 7330U,1147
GeForce 940A,1144
GeForce 930A,1139
Radeon HD 8850M / R9 M265X,1139
GeForce 830A,1138
Radeon R7 A10-9700E RADEON,1137
Radeon HD 4850 X2,1132
Radeon HD 7560D + 6670 Dual,1130
Radeon R7 + R7 200 Dual,1128
Radeon HD 8650G + 7700M Dual,1126
Radeon HD 7660D + 7500 Dual,1121
FirePro M4170,1119
Radeon R7 A12-9800 RADEON,1118
GeForce 940M,1116
Intel HD 630,1114
Radeon 625,1114
Radeon R9 M275,1114
Intel UHD Graphics 710,1102
Quadro 2100M,1100
Radeon HD 7660D + 6570 Dual,1100
Radeon R7 430,1100
Radeon R7 M460,1099
Radeon R5 PRO A6-9500 2C+6G,1096
Mobility Radeon HD 5870,1092
GeForce GTX 850M - MODDED,1091
GeForce GT 545,1090
Radeon R7 250,1089
GeForce GT 745M,1088
Quadro K1100M,1084
MIRRORV3,1080
Radeon R7 M465,1080
Barco MXRT 5450,1079
GeForce 920MX,1079
GeForce 840M,1075
Radeon HD 8450G + 8600/8700M Dual,1070
Radeon 535,1069
Radeon HD 7660D + 7670 Dual,1061
Videocard Name,"Passmark G3D Mark
(higher is better)"
Radeon HD 7520G + 7700M Dual,1060
Firepro M4100,1059
Radeon Vega 3 Athlon 3000G,1056
Radeon R9 M265X,1054
OPAL XT/GL,1053
Radeon HD 7670A,1050
GeForce GTX 850A,1049
Radeon R7 A12-9730P RADEON,1047
Radeon R7 + R7 240 Dual,1045
Radeon R7 340,1045
Radeon R7 M350,1042
Radeon HD 8570D + 6670 Dual,1039
Intel UHD Graphics 620,1036
Radeon HD 8570D + HD 8570 Dual,1032
Radeon HD 8600/8700M,1029
Radeon R7 + R5 330 Dual,1028
Radeon HD 6750,1020
Radeon HD 8670D + R7 240 Dual,1020
Quadro K2000M,1017
FirePro W4170M,1016
Radeon HD 6700M,1016
GeForce 930M,1014
Radeon R5 A6-9500E 2C+4G,1014
Quadro 3000M,1009
Radeon HD 7690M XT,1009
Radeon Vega 3 Mobile,1009
Radeon R7 M260X,1006
GeForce 830M,1005
Radeon HD 7690M,1003
Radeon HD 7660G + HD 7500/7600 7500/7600 Dual,1002
Radeon HD 7660G + HD 7500M/7600M Dual,999
Radeon HD 8570D + R7 200 Dual,999
Radeon HD 7640G + HD 8750M Dual,996
Quadro FX 4800,995
Intel HD 530,993
Radeon 530,993
Radeon R7 A265,993
Radeon HD 7560D + 7570 Dual,985
Radeon HD 8690M,984
Radeon R5 340,984
"Radeon R5 PRO A6-8570 R5, 8 COMPUTE CORES 2C+6G",984
Radeon Ryzen 5 3450U,983
Radeon HD 7560D + 7560D Dual,982
Radeon R7 A10-7850K,979
Radeon R7 PRO A10-9700E,978
FirePro V4900,977
Radeon R5 A10-9630P 4C+6G,977
Quadro 2000D,975
Radeon HD 8670D + 8570 Dual,974
Videocard Name,"Passmark G3D Mark
(higher is better)"
Radeon HD 8850M,973
Radeon R6 A10-9600P 4C+6G,970
Radeon HD 7660G N HD 7660G + HD 7700M N HD 7700M D,966
Radeon R7 PRO A12-8870E,966
Radeon HD 6770M,964
Radeon HD 8570D + R7 240 Dual,963
Qualcomm Adreno 690 GPU,962
Radeon HD 8570,962
Radeon R7 PRO A8-9600,962
Radeon R6 Opteron X3418,955
Radeon R5 430,952
Radeon R7 M445,952
Radeon HD 8570 + HD 7660D Dual,949
Radeon HD 8670D + R7 200 Dual,949
Quadro CX,947
Radeon HD 6670/7670,945
Radeon HD 7640G + 7690M Dual,945
Radeon R7 PRO A10-8850B,945
Radeon HD 8750M,944
Quadro 2000,942
Radeon HD 7660D + R7 240 Dual,941
Radeon R7 A12-9800E RADEON,940
Radeon R9 M375,940
Radeon HD 6750M,937
Radeon HD 4850,936
Radeon R7 PRO A12-9800E,936
Radeon HD 7560D + HD 8570 Dual,935
Radeon R7 PRO A12-9800,933
Radeon HD 7660G + 7730M Dual,931
Radeon R7 240 + HD 8670D Dual,930
FirePro M4150,928
Intel HD Graphics 620,927
Intel Iris Pro 6100,925
Radeon R7 PRO A12-8870,919
GeForce GT 645M,917
Radeon R7 240 + HD 8570D Dual,917
Radeon R7 A10-9700 RADEON,916
Radeon R7 A10 PRO-7850B,914
GRID M10-0Q,913
GeForce GT 640M,912
GRID K220Q,912
Radeon R7 A8-8650,912
GRID M6-0B,911
Radeon 6750M,911
Intel Iris 6100,907
Radeon R7 A8-7500,907
Radeon R7 A10-7860K,906
Radeon HD 8550G + 7600M Dual,901
"Radeon R5 A6-9500 RADEON R5, 8 COMPUTE CORES 2C+6G",901
Videocard Name,"Passmark G3D Mark
(higher is better)"
Barco MXRT 2600,900
Barco MXRT 7400,900
Radeon 620,897
Radeon R7 + R5 Dual,897
7900 MOD - Radeon HD 6550D,892
FirePro W2100,892
Intel UHD Graphics 617,887
Radeon HD 4770,887
Radeon Vega 3,886
Radeon R7 + R5 435 Dual A10-9700 RADEON,885
Radeon R7 PRO A10-8770,885
Radeon HD 8650G + 7670M Dual,883
Radeon R7 240,883
Radeon R7 M440,883
Radeon HD 7660G + HD 7730M Dual,881
Radeon R7 A10-8750,878
Radeon E6760,876
GeForce 920A,874
Intel HD 520,871
Radeon R7 G,869
Radeon HD 8570D + HD 6570 Dual,868
Radeon Vega 3 Athlon 300U,868
Mobility Radeon HD 4850,866
Radeon HD 8470D + HD 6450 Dual,862
"Radeon R5 PRO A6-8570E R5, 6 COMPUTE CORES 2C+4G",862
Radeon 520,861
Intel HD 6000,855
Radeon HD 8550G + HD 7600M Dual,854
FirePro 3D V4800,853
Qualcomm Adreno 685 GPU,853
Radeon R5 A6-9500 2C+6G,853
Radeon R7 A8-7500 4C+6G,853
Radeon HD 8500M/8700M,852
Radeon Vega 3 Ryzen 3 3250U,849
Radeon R7 A8-7670K,848
Radeon R5 PRO A6-8570 2C+6G,847
Radeon Vega 3 Ryzen 3 3200U,847
Radeon HD 4830,845
GeForce GT 445M,843
Radeon R5 435,840
GeForce GT 635,839
FireGL V8600,838
Radeon HD 8470D + 6570 Dual,837
Radeon HD 8670D + R5 235 Dual,836
Radeon HD 6650A,835
Radeon R7 A8-9600 RADEON,834
Radeon HD 7560D + 6570 Dual,833
Radeon HD 7670,833
Radeon Ryzen 3 3250U,833
Videocard Name,"Passmark G3D Mark
(higher is better)"
Radeon HD 7520G + HD 7500/7600 Dual,832
"Radeon R5 PRO A6-9500 R5, 8 COMPUTE CORES 2C+6G",832
Radeon HD 7660G + 7600M Dual,831
Radeon HD 8650G + 8600/8700M Dual,831
Radeon Vega 3 Athlon Silver 3050U,831
Intel HD 5200,830
GRID M60-0Q,827
GeForce GT 730,825
"Radeon R5 A10-9630P RADEON R5, 10 COMPUTE CORES 4C",825
Radeon HD 7640G N HD 7640G + HD 7600M N HD 7600M D,824
Radeon HD 3850 X2,822
GeForce GT 730M,821
Radeon HD 7540D + 7500 Dual,821
Radeon R7 A8-7680,821
Radeon HD 8550G + HD 8750M Dual,819
Radeon HD 8650G + HD 7600M Dual,819
Radeon R7 A10 Extreme Edition,816
Radeon R7 FX-8800P,816
Radeon R7 M260DX,816
Radeon 535DX,813
Radeon R7 A10 PRO-7800B,813
Radeon R9 M280X,813
Radeon HD 8670D + 7000 Dual,811
Radeon R7 PRO A10-8770E,810
Radeon R7 PRO A10-9700,810
Radeon HD 6800M,808
Radeon HD 8550G + 8600/8700M Dual,802
Radeon R5 M435,801
Radeon HD 8650G + HD 8790M Dual,799
Radeon R7 A10-7700K,799
GeForce 9800 GX2,797
Radeon HD 8650G N HD 8650G + HD 8600/8700M Dual,796
Radeon HD 8550G + 8750M Dual,795
Radeon R8 M445DX,795
Quadro FX 3800,794
Quadro K1000M,789
GeForce GT 740M,788
Radeon HD 5670,788
A40-6Q,787
Radeon HD 8650G + 8750M Dual,786
GeForce 825M,783
Radeon R7 A8-7600,782
Radeon R7 A365,781
Radeon R7 PRO A6-9500 2C+6G,781
Quadro 2000M,780
Radeon HD 8650G + HD 8750M Dual,778
Radeon HD 7660G + HD 7700M Dual,777
Radeon R7 A10-7890K,777
GeForce GT 440,775
Videocard Name,"Passmark G3D Mark
(higher is better)"
Radeon HD 7640G + 7500M/7600M Dual,775
Mobility Radeon HD 5000,773
Radeon HD 7600M + 7600M Dual,773
Radeon HD 8650G N HD 8650G + HD 8570M Dual,773
Radeon R7 A10-8850,773
GeForce 730A,771
Radeon R5 PRO A6-9500E 2C+4G,770
GeForce 9800 GTX,769
Radeon HD 4810,769
Quadro K420,768
Radeon R7 M365X,768
Intel UHD Graphics 615,764
Mobility Radeon HD 5850,763
Radeon HD 8650G + HD 8600/8700M Dual,763
Radeon HD 6450 + 8470D Dual,762
Quadro K600,761
Radeon HD 7660G + HD 7500/7600 Dual,760
Radeon HD 6650M,759
Radeon Vega 3 Ryzen Embedded R1505G,759
Radeon HD 7660G + HD 8500M Dual,758
Radeon HD 7660G + 7700M Dual,757
Radeon HD 8650G + HD 8600M N HD 8600M Dual,757
Radeon R7 PRO A10-8750B,757
Quadro 1100M,755
Radeon HD 7640G + 7450M Dual,754
Radeon HD 8570D + HD 7000 Dual,753
Intel Iris 5100,751
Radeon R7 A12-9720P RADEON,750
Radeon R7 M270,750
IncrediblE HD 4600,749
Radeon M535DX,749
Radeon HD 7640G + 7650M Dual,747
Radeon HD 7660G + HD 8600/8700M Dual,747
Radeon HD 8670D + R5 330 Dual,746
Radeon HD 7660G + 7610M Dual,745
Radeon HD 7660G + 7670M Dual,743
Radeon R5 235 + HD 7560D Dual,743
GeForce GT 730A,742
Radeon HD 8650G + 7600M Dual,741
Radeon R7 FX-9800P RADEON,740
GeForce GT 340,738
Intel Poison Ivy,738
Radeon HD 7670M + 7670M Dual,738
Radeon R5 235 + HD 8570D Dual,737
Radeon R7 A8-7650K,737
Radeon R7 PRO A8-8650B,735
Radeon HD 6670,733
Radeon R5 A10-9620P 4C+6G,731
Radeon HD 7550M/7650M,728
Videocard Name,"Passmark G3D Mark
(higher is better)"
Radeon R7 A12-9700P RADEON,728
GeForce 920M,727
GRID K140Q,727
Intel HD 615,727
Intel UHD Graphics 610,723
Radeon HD 7660G N HD 7660G + HD 7600M N HD 7600M D,722
Radeon HD 8650G + R5 M200 Dual,722
NVS 510,721
Quadro K610M,721
Radeon HD 7730M,721
Asus GTX 650 FML II EC-EGPU,720
Mobility Radeon HD 4870,719
Radeon HD 7540D + 6570 Dual,719
Radeon HD 8670D + HD 7000 Dual,718
Radeon HD 8470D + 6450 Dual,717
Radeon HD 8650G + HD 8570M Dual,716
Radeon Athlon Gold 3150U,715
Radeon HD 7660G + HD 8670M Dual,711
Radeon HD 3870 X2,708
Radeon R7 A10-7800,708
Radeon HD 6550A,707
Radeon R7 PRO A12-9800B,707
Radeon HD 7660G + HD 7670M Dual,706
Radeon R7 PRO A10-9700B,706
Radeon HD 7640G + 7600M Dual,705
Radeon HD 7640G + HD 7600M Dual,704
Radeon HD 7660G N HD 7660G + HD 7670M Dual,704
Radeon R5 A6-7480,704
"Radeon R5 A10-9600P RADEON R5, 10 COMPUTE CORES 4C",702
Intel HD 610,700
Radeon HD 7570M/HD 7670M,699
"Radeon R5 A10-9620P RADEON R5, 10 COMPUTE CORES 4C",699
TRINITY DEVASTATOR MOBILE,699
Radeon HD 8730M,698
Radeon R5 PRO A10-8730B 4C+6G,695
Radeon R5 PRO A6-9500B 2C+4G,693
Radeon HD 7640G + 7700M Dual,690
Radeon R5 PRO A6-8530B 2C+4G,689
Radeon HD 7640G + 8600/8700M Dual,688
Radeon HD 8650G + R5 M230 Dual,686
GeForce GT 630,685
Radeon HD 8550D,685
GeForce GT 530,684
Radeon HD 6630M,684
GRID P40-3Q,681
Radeon HD 7640G N HD 7640G + HD 7670M Dual,679
Radeon HD 8650G N HD 8650G + HD 8600M N HD 8600M D,679
GeForce GTS 160M,678
Radeon HD 7640G + HD 8670M Dual,677
Videocard Name,"Passmark G3D Mark
(higher is better)"
Quadro FX 4700 X2,676
Radeon HD 8610G + R5 M200 Dual,676
Radeon R8 M535DX,670
Radeon Vega 3 3020e,670
GeForce GT 640M LE,669
Radeon R7 A8 PRO-7600B,669
GeForce GT 740A,667
GeForce GTS 360M,666
FirePro M7740,665
Radeon HD 7640G + HD 8500M N HD 8500M Dual,665
Radeon HD 8550G + 8690M Dual,664
"Radeon R5 A6-9500E RADEON R5, 6 COMPUTE CORES 2C+4",664
GeForce GT 555M,662
FireGL V7700,660
Radeon HD 5600/5700,660
Radeon HD 2900 XT,659
Radeon R7 M340,659
Radeon R5 PRO A8-9600B 4C+6G,658
GeForce GT 140,657
Radeon R7 A360,657
Radeon HD 7640G + 8750M Dual,654
Radeon HD 8550G + HD 8600/8700M Dual,654
Radeon HD 8650G + 8570M Dual,654
Radeon HD 7520G + HD 8750M Dual,651
GeForce GTX 285M,650
GRID K1,650
SUMO 9640,650
FirePro V3900,649
Radeon R5 M430,648
FireStream 9170,647
Radeon HD 6670 + 6670 Dual,646
Radeon HD 8610G + HD 8500M Dual,645
Intel HD P4600/P4700,644
Radeon HD 7640G + 7670M Dual,644
Radeon HD 7540D + HD 6450 Dual,643
GeForce 8800 Ultra,642
"Radeon R5 PRO A10-8730B R5, 10 COMPUTE CORES 4C+6G",642
Intel HD 5600,639
Radeon HD 7640G + 7400M Dual,637
Radeon HD 8450G + 8750M Dual,637
Radeon R5 PRO A6-8570E 2C+4G,637
GeForce 9800 S,635
Radeon HD 8650G + 8670M Dual,635
Radeon HD 8650G + HD 7670M Dual,634
GeForce GT 710,633
NVS 5400M,633
Radeon HD 7660D + HD 7000 Dual,633
Radeon HD 7610M,632
Intel HD 4600,631
Videocard Name,"Passmark G3D Mark
(higher is better)"
Intel HD 515,631
Radeon Athlon Silver 3050U,630
Radeon HD 7640G + HD 7700M N HD 7700M Dual,630
Radeon HD 7660G + 7470M Dual,630
Radeon HD 8510G + HD 8500M Dual,629
GRID K160Q,628
Radeon HD 2900 PRO,627
Radeon HD 7640G + 7500/7600 Dual,627
Radeon HD 8650G + 8500M Dual,626
Intel HD 510,623
Radeon HD 7520G + HD 8600/8700M Dual,623
GeForce 810A,622
Radeon HD 7640G + HD 7400M Dual,621
Radeon R6,621
Radeon HD 8570 + 8670D Dual,620
Radeon HD 7570,619
Radeon HD 8550G + R5 M200 Dual,619
Radeon R5 A10-9600P 4C+6G,619
Radeon HD 8550G + 8600M Dual,617
GeForce GTS 250,616
Radeon HD 7500G + 7500M/7600M Dual,616
FireGL V7600,615
Quadro FX 3800M,615
Radeon HD 7660G + HD 7600M Dual,615
GeForce 720A,614
Radeon HD 8650G + 8600M Dual,613
Radeon Vega 3 Athlon 320GE,613
GeForce GT 720,611
Radeon HD 8550G N HD 8550G + HD 8600M N HD 8600M D,611
7900 MOD - Radeon HD 6520G,610
GeForce GT 735M,610
Quadro K510M,610
Qualcomm Adreno 680 GPU,610
Radeon HD 8610G + 8500M Dual,610
Radeon Vega 3 Athlon Gold 3150U,610
GeForce 9800 GTX/9800 GTX+,608
Radeon HD 7640G + HD 8500M Dual,607
Radeon HD 8650G + HD 8600M Dual,606
"Radeon R5 A6-9400 RADEON R5, 6 COMPUTE CORES 2C+4G",605
Radeon R6 M255DX,605
Intel HD P4600,604
"Radeon R6 PRO A8-8600B R6, 10 Compute Cores 4C+6G",604
Radeon HD 8550G + 8500M Dual,602
GeForce GT 720A,600
Radeon HD 8610G + 8670M Dual,599
Radeon R8 M365DX,599
Matrox C420 LP PCIe x16,597
Radeon R7 PRO A12-8800B,597
GeForce GT 430,596
Videocard Name,"Passmark G3D Mark
(higher is better)"
Radeon HD 8510G + 8500M Dual,596
GeForce 8800 GTS 512,595
GeForce 8800 GTX,595
Radeon HD 7640G + 7470M Dual,595
Radeon R5 M330,595
Radeon R7 PRO A12-8830B,595
Radeon HD 8550G + HD 8600M Dual,593
GeForce 910M,591
Radeon HD 7520G + 7600M Dual,591
Radeon HD 7640G + HD 7700M Dual,589
Radeon HD 7520G + 7610M Dual,588
Radeon HD 7660G + 7400M Dual,588
Radeon HD 8610G + 8600M Dual,588
Radeon HD 7660G + 8670M Dual,587
Radeon HD 7640G + HD 8600/8700M Dual,586
Radeon R5 A6-8500P,586
Radeon HD 7640G + 8500M Dual,585
Radeon HD 8650G + HD 8670M Dual,585
GeForce GT 820M,584
GeForce GT 550M,583
Intel HD 5500,582
Radeon HD 7520G + 7500/7600 Dual,582
Quadro 1000M,579
Radeon HD 8550G + 8670M Dual,579
Radeon HD 8450G + R5 M230 Dual,578
GeForce GTS 240,577
Radeon HD 7620G + 8670M Dual,577
Radeon HD 8610G + HD 8670M Dual,577
Intel Skylake HD DT GT2,576
Radeon R5 A240,576
GeForce GTX 280M,575
Radeon HD 7650A,575
Radeon HD 7520G + HD 7700M Dual,574
Radeon HD 7520G N HD 7520G + HD 7500/7600 7500/760,574
Radeon HD 8450G + HD 8670M Dual,574
Radeon R5 420,574
Intel HD 5000,573
Quadro 500M,570
Radeon R6 + R7 M265DX Dual,570
GeForce GTS 250M,569
Radeon HD 7560D + 6450 Dual,568
GeForce GT 635M,567
Radeon HD 3870,566
Radeon HD 6610M,565
Radeon R7E,564
Radeon HD 7560D + R5 235 Dual,563
Radeon HD 6570,562
"Radeon R5 PRO A8-9600B R5, 10 COMPUTE CORES 4C+6G",562
Radeon HD 7640G + R5 M200 Dual,559
Videocard Name,"Passmark G3D Mark
(higher is better)"
Radeon HD 7640G + 8570M Dual,558
Radeon HD 7640G + 8670M Dual,558
Radeon HD 8550G + HD 8500M Dual,558
Radeon R7 M360,558
GeForce 820A,557
Radeon HD 8650G,555
GF117,554
Radeon R7 7850A10-7850K,551
FireGL V8650,550
Radeon R5 M335,548
GeForce GT 630M,547
Mobility Radeon HD 3870,547
FirePro 3D V5700,546
Quadro 600,546
Radeon HD 8550G + HD 8670M Dual,546
FirePro 3D V7750,545
Radeon HD 8450G + 8600M Dual,545
Mobility Radeon HD 5570,544
Radeon HD 7520G + HD 7400M Dual,544
Quadro FX 2700,543
Radeon HD 7600G + HD 8670M Dual,543
Radeon HD 7520G + 7470M Dual,542
Radeon HD 8670D,542
Quadro FX 5600,539
Qualcomm Adreno 675 GPU,539
Radeon R6 PRO A10-8700B 4C+6G,538
Radeon R7 M265,537
Radeon HD 7560D + HD 7000 Dual,534
GRID K180Q,533
Radeon R6 A10-8700P,533
Radeon HD 8550G + 8570M Dual,532
RADEON HD6530D,531
Radeon R6 PRO A8-8600B 4C+6G,531
Radeon HD 8550G + HD 8570M Dual,529
GeForce GT 240,528
Radeon HD 7600G N HD 7600G + HD ON HD Dual,526
Radeon HD 7640G + 6400M Dual,526
Radeon R5 240,525
GeForce GT 425M,523
Radeon HD 7520G + 7670M Dual,523
Radeon HD 7660D + R5 235 Dual,523
Radeon R5 M255,522
NVS 5200M,521
Radeon HD 8670M,520
"Radeon R6 PRO A10-8700B R6, 10 Compute Cores 4C+6G",520
GeForce GT 435M,519
Intel HD 4400,519
Radeon HD 7640G + HD 7670M Dual,518
IncrediblE HD 4000,517
Videocard Name,"Passmark G3D Mark
(higher is better)"
Radeon Vega 3 Athlon Silver 3050e,517
Intel HD P4000,516
Radeon R5 330,512
Mobility Radeon HD 4830,511
Radeon HD 7640G + 7610M Dual,510
GeForce 615,509
Radeon HD 7600G + HD 7550M Dual,509
Radeon HD 7620G + 8600M Dual,508
Radeon R5 PRO A6-8500B 2C+4G,508
Radeon HD 7620G + HD 8670M Dual,507
GeForce 820M,506
GeForce 9800 GTX+,506
Radeon HD 7660D,506
Radeon Vega 2,506
Radeon 6600M,505
GeForce GTS 150M,504
GeForce 8800 GT,503
Radeon HD 8450G + HD 8750M Dual,503
Mobility Radeon HD 5730,498
Radeon R7 M265DX,498
TRINITY SCRAPPER MOBILE,498
Radeon HD 7500G + 7550M Dual,497
SUMO 964A,497
ASUS EAH4870x2,496
GeForce 9600 GT,496
Radeon HD 7520G + HD 7670M Dual,495
GeForce GT625M,493
Radeon HD8530M,490
GeForce GT 540M,488
Radeon HD 8670D N HD 8670D + HD 8670D Dual,488
Radeon HD 8550G + R5 M230 Dual,487
Radeon R4E,487
Radeon HD 7520G + 7400M Dual,486
Radeon HD 5570,482
Radeon HD 8690A,481
Radeon HD 8610G + HD 8600M Dual,480
Mobility Radeon HD 5000 Serisi,478
Radeon 3020e,478
Mobility Radeon HD 3870 X2,477
Radeon HD 7600G + HD 7500M/7600M Dual,476
Radeon HD 7670M,476
Radeon HD 7640G + HD 8570M Dual,474
Radeon HD 8450G + 8670M Dual,474
Radeon R6 A8-8600P,474
Radeon R7 M260,474
GeForce 9800 GT,473
FirePro 3D V3800,472
Radeon HD 7660G,471
Radeon HD 8570D + R5 235 Dual,470
Videocard Name,"Passmark G3D Mark
(higher is better)"
Radeon R5 M420,470
Radeon R5 M315,469
GeForce GT 720M,467
GeForce 710A,466
Quadro FX 1800M,466
Quadro FX 3600M,466
Radeon HD 7660D + 7470 Dual,465
SUMO 9644,465
FirePro V5700,464
Radeon HD 7550M,464
Mobility Radeon HD 4670,463
Radeon HD 7560D,463
Radeon HD 7640G,463
GeForce 710M,462
GeForce 8800M GTX,462
GeForce 9800M GS,460
Radeon HD 7660G + HD 7600M N HD 7600M Dual,460
GeForce GT 525M,458
Intel HD Family,456
Quadro FX 3700M,456
GeForce 705M,455
GeForce 9800M GTX,454
GeForce GT 320,453
Radeon HD 7520G + 7650M Dual,453
GeForce 800M,452
Radeon HD 8450G + HD 8600M Dual,452
GeForce GT 625M,451
Radeon HD 7620G N HD 7620G + HD 8600M N HD 8600M D,451
Mobility Radeon HD 5650,450
GeForce GT 710M,447
Radeon HD 7520G + HD 7600M Dual,447
PHDGD Ivy 5,445
Radeon HD 7660G + 8600M Dual,445
GeForce 8800 GTS,444
Quadro 410,443
Radeon HD 7620G + HD 8600M Dual,442
Radeon HD 7650M,441
GeForce GT 620M,440
Radeon HD 7600G + HD Dual,435
Radeon HD 8410G,435
Radeon HD 3850 AGP,432
Radeon HD 8570D,432
Radeon HD 7570M,430
Quadro FX 4600,429
GeForce 800A,428
Radeon HD 8610G,428
Surface Duo Adreno 640 GPU,425
Radeon R5 M240,424
FirePro M2000,423
Videocard Name,"Passmark G3D Mark
(higher is better)"
Radeon HD 7600G + 7550M Dual,423
Radeon HD 7640G + HD 7500/7600 Dual,423
Quadro FX 2800M,422
Radeon HD 7640G N HD 7640G + HD 8570M Dual,422
RADEON HD6410D,422
Radeon HD 8570M,421
Radeon R5 M320,420
Intel 4th Generation Haswell HD,419
GeForce GT 420M,417
GeForce GT 330,414
GeForce GT 420,414
Radeon R5 M230,413
GeForce 810M,410
"Radeon R5 PRO A6-9500B R5, 6 COMPUTE CORES 2C+4G",408
GeForce GT 335M,407
GeForce GTS 350M,407
Radeon HD 7470M,407
Radeon HD 8550G,407
Radeon HD 7640G + HD 7600M N HD 7600M Dual,406
RADEON E4690,405
Radeon HD 6550D,405
Radeon HD 7600G + 7500M/7600M Dual,405
Radeon HD 3850,404
Radeon HD 8500M,404
Quadro FX 1800,403
GeForce 9800M GTS,401
Mobility Radeon HD 4650,401
Radeon HD 8650D,396
Radeon R5 Opteron X3216,394
IncrediblE HD,389
Intel HD 5300,389
Radeon HD 7600G + 7450M Dual,389
GeForce GTX 260M,388
GeForce 7900 GTX,387
GeForce 8800M GTS,382
GeForce 9800M GT,381
GeForce GT 130,381
Radeon HD 4670,380
Radeon HD 6490M,377
Radeon HD 5550,376
Radeon HD 7520G + 8750M Dual,376
Radeon HD 7600G + 6400M Dual,376
PHDGD Ivy 4,374
Quadro FX 3700,374
Radeon HD 8570D + HD8490 Dual,374
GeForce GT 610M / GT 620M / GT 710M / GT 720M / GT,368
Intel UHD Graphics 605,368
Matrox Millennium P690 PCIe x16,366
Mobility Radeon HD 3850,365
Videocard Name,"Passmark G3D Mark
(higher is better)"
Radeon HD 8510G,365
Radeon HD4670,365
Radeon HD 7520G N HD 7520G + HD 7600M N HD 7600M D,364
Radeon HD 7660G + HD 8600M Dual,363
Radeon HD 8450G,363
GeForce GT 620,362
Radeon 3015e,360
Radeon HD 8470D,360
Radeon Vega 3 Ryzen Embedded R1305G,358
Radeon HD 6620G,355
Radeon HD 7500G + HD 7500M/7600M Dual,355
Mobility Radeon HD 565v,353
Radeon HD 6480M,353
Radeon HD 7620G,352
Radeon HD 7580D,350
Intel HD 505,346
Quadro FX 2700M,346
GeForce 7950 GT,344
FireGL V5600,341
FirePro 3D V3750,341
Intel HD 4000,341
Radeon R5 235,341
Radeon HD 8310E,340
GeForce 9600 GSO,339
Radeon HD 7660D + HD 7400 Dual,339
GeForce GT 625,338
Radeon HD 8570D + HD 8470 Dual,338
GeForce GT 705,336
FirePro RG220,335
Radeon HD 7600G + 8500M/8700M Dual,333
Radeon HD 6530D,332
Radeon R5 310,331
GeForce 8800 GS,330
Radeon HD 7540D,330
GeForce 9600 GSO 512,329
Radeon HD 7450M,329
Radeon R4,329
Radeon HD 7600G + HD 7400M Dual,328
Intel UHD Graphics 600,326
GeForce GT 120 / 9500 GT,324
GeForce GT 230,323
Radeon E6460,323
FirePro V3800,320
Radeon HD 8370D,320
RADEON HD6370D,320
GeForce 240M GT,319
Mobility Radeon HD 560v,318
Radeon HD 7520G,314
Radeon HD 7520G + 8600/8700M Dual,311
Videocard Name,"Passmark G3D Mark
(higher is better)"
Radeon HD 7600G,311
GeForce 605,308
Quadro FX 3500M,306
Radeon HD 7420G,306
Radeon HD 8350G,304
GeForce GT 520,302
GeForce GT 610,302
Radeon R1E,301
Radeon HD 6520G,299
Intel HD 500,297
Radeon R3,297
Radeon R5E,296
GeForce 9600M GT / GeForce GT 220M,293
GRID K120Q,293
Radeon HD 7500G,293
GeForce 610M,292
Radeon HD 2900 GT,292
Quadro FX 3500,291
GeForce 7800 GTX,290
Radeon HD 7470,289
NVS 315,288
Radeon HD 7450A,288
GeForce 7950 Xtreme,287
GeForce GT 415M,286
Intel HD P3000,286
Radeon HD 8280,286
GeForce GT 520MX,284
Mobile Intel HD,284
Mobility Radeon HD 5165,284
GeForce GT 520M,282
Radeon HD 2600 XT,282
GeForce 9600 GS,281
Radeon HD 7480D,281
GeForce 9700M GTS,278
Radeon R5 235X,277
Radeon HD 6370M,275
Qualcomm Adreno 630 GPU,273
GeForce 9650M GS,270
GeForce Go 7900 GTX,270
Radeon HD 8280G,269
Radeon HD 5470,268
Radeon HD 8400E,268
Radeon HD 7400G,267
Mobility Radeon HD 550v,266
GeForce Go 7950 GTX,263
Radeon HD 8490,263
Intel G965 Express,262
Radeon HD 8400,261
NVS 4200M,260
Videocard Name,"Passmark G3D Mark
(higher is better)"
Radeon HD 6450A,260
GeForce 510,259
Radeon HD 6480G,259
GeForce 7900 GT,258
Intel HD 3000,256
Radeon HD 6370D,254
GeForce 7900 GS,253
Quadro NVS 510M,253
GeForce GT 415,251
Radeon HD 8330E,251
Radeon HD 8470,251
Radeon HD 8330,250
Radeon HD 7640G + 8600M Dual,249
GeForce 410M,248
GeForce 7900 GT/GTO,247
GeForce 7800 GT,244
Radeon HD 8280E,244
NVS 310,242
Quadro FX 5500,242
Radeon HD 6410D,239
Radeon HD4650,239
Radeon HD 8240,238
Radeon R2,237
Mobility Radeon HD 5470,236
Quadro FX 4500 X2,236
Radeon HD 4550,235
Mobility Radeon HD 3670,232
Radeon E6465,231
Intel Q965/Q963 Express,229
Quadro FX 570,228
Radeon HD 6470M,227
Quadro FX 4500,226
Radeon HD 7450,224
GT 430,223
Radeon HD 7340M,221
Radeon R5 230,221
A6 Micro-6500T Quad-Core APU with RadeonR4,220
Mobility FireGL V5725,219
Quadro FX 2500M,217
Radeon HD 6320 Graphic,216
Mobility Radeon. HD 5470,215
Quadro FX 880M,215
Mobility Radeon HD 5450,214
Radeon HD 4650,214
GeForce GT 220,213
Intel HD 2000,213
Radeon R2E,212
Radeon HD 2600 PRO,211
GeForce Go 7600 GT,210
Videocard Name,"Passmark G3D Mark
(higher is better)"
GeForce 320M,209
GeForce Go 7800 GTX,209
Radeon HD 8250,209
GeForce 9700M GT,208
GeForce GT 330M,208
Quadro NVS 290,207
Radeon HD 4650 AGP,207
Radeon HD 6380G,207
Barco MXRT 1450,205
Intel 2nd Generation SandyBridge HD 3000,205
Radeon R3E,205
GeForce GT 240M,203
GeForce 7600 GT,201
GeForce 7950 GX2,201
GeForce GT 230M,200
Mobility Radeon HD 545v,199
Radeon HD 6450,199
RADEON HD7450,199
Radeon HD 6320M,198
Quadro FX 1500,197
Radeon HD 7340G,196
GeForce 6800 GS,195
Intel Infoshock HD,193
Radeon HD 8210E,193
Radeon HD 6430M,192
Mobility Radeon HD 2600 XT,191
Mobility Radeon HD 4550,191
NVS 5100M,189
Mobility Radeon HD 540v,188
Intel 2nd Generation SandyBridge HD,185
Radeon HD 8210,184
Quadro FX 3450/4000 SDI,182
Mobility Radeon HD 5430,181
Barco MXRT 7100,180
Radeon HD 7310G,180
FireGL V3600,179
Radeon HD 6230,179
FirePro 3D V3700,178
GeForce 7800 GS,177
GeForce Go 7900 GS,176
Mobility Radeon HD 530v,174
Radeon HD 7310 - Carte graphique,174
Quadro FX 1700M,172
Quadro FX 1500M,171
FirePro 2460,170
Quadro FX 770M,170
Radeon HDG 4670,170
GeForce GT 325M,169
GeForce GT 120,168
Videocard Name,"Passmark G3D Mark
(higher is better)"
Mobility Radeon HD 2600,167
Radeon HD 7310M,166
GeForce 9200,165
Intel HD manual-gen9_2015-133271,165
Radeon HD 7350,165
Radeon HD 8350,162
GeForce G102M,160
GeForce GT 120M,159
GeForce 315,158
GeForce 7600 GS,157
Radeon HD 4300/4500 Serisi,155
Radeon HD 7340,155
GeForce 8600 GTS,153
Intel Q45/Q43 Express Chipset,153
GeForce 9500 GS,151
Quadro FX 580,151
Radeon HD 3670,151
Radeon X1950 CrossFire Edition,151
GeForce 305M,150
Radeon HD 3650 AGP,150
Mobility Radeon HD 4350,148
Quadro 400,148
Quadro FX 3450,148
Radeon HD 6320,148
S3 5400EW,148
GeForce Go 7700,147
ZX Chrome 645/640 GPU,147
GeForce GT 130M,146
Radeon X1900 GT,145
FirePro 2270,144
GeForce 9200M GE,143
Radeon HD 6300M,143
GeForce 6800 GT,142
nForce 760i SLI,140
Radeon HD 4290,140
Radeon HD 6290M,140
RADEON HD 6350,140
Radeon X1800 GTO,140
GeForce 8200,139
Intel Haswell HD - GT2,139
NVS 2100M,139
GeForce 6800 Ultra,138
Radeon HD 8180,138
GeForce 6600 GT,137
GeForce 9600M GT,137
GeForce 9650M GT,137
GeForce Go 6800 Ultra,137
Radeon HD 5450,137
Radeon X1900 CrossFire Edition,137
Videocard Name,"Passmark G3D Mark
(higher is better)"
GeForce 7300 GT,136
GeForce 8400 GS,136
GeForce 9500 GT,136
GeForce G200,136
Mobility Radeon HD 4570,136
Mobility Radeon HD 4330,135
EAH5450,134
GeForce 7650 GS,134
GeForce 9800 GT 1024MB,134
Mobility Radeon X1900,134
Radeon R5 220,133
VIA/S3G C-645/640 GPU,132
Quadro FX 1600M,131
Quadro FX 380,131
MOBILITY RADEON X1800,130
Quadro FX 380 LP,130
Mobility Radeon HD 3650,129
RADEON X800 SE,129
FireGL V7300,128
GeForce 6800 XT,128
GeForce 9300 / nForce 730i,128
Radeon HD 3450,128
Radeon HD 3470,128
Radeon HD 7310,128
All-in-Wonder X1900,127
GeForce Go 7600,127
Quadro NVS 320M,127
GeForce 205,126
GeForce 9300,126
Radeon HD 3300,126
GeForce 8500 GT,125
GeForce 8700M GT,124
Quadro FX 1400,124
Seria Mobility Radeon HD 3400,124
GeForce G100,123
Intel Haswell HD - GT1,123
Radeon HD 7290M,123
Qualcomm Adreno 618 GPU,122
Radeon HD 4250,122
Radeon HD 6310,122
GeForce 9500M G,121
GeForce GT 220M,121
Extreme AX850 PRO,120
GeForce 310,120
GeForce 405,120
Quadro FX 380M,120
Radeon HD 2400,120
GeForce 505,119
Qualcomm Adreno 540 GPU,118
Videocard Name,"Passmark G3D Mark
(higher is better)"
Radeon HD 2400 XT,118
RV530 PRO,118
FireMV 2260,117
GeForce 9600M GS,117
Mobile Intel 45 Express-Chipsatzfamilie,117
FireGL V7200,116
GeForce 8600 GT,116
PHDGD Quantic C3,116
Radeon X1700 Targa Edition,116
GeForce 315M,115
GeForce G210M,115
Quadro FX 1700,115
Radeon HD 7290,115
Radeon X1600 XT,115
FireGL V5200,114
GeForce Go 7800,114
NVS 3100M,114
Radeon HD 2400 Pro,114
RADEON X800 GTO,114
Quadro FX 560,113
FirePro 2260,112
GeForce 6800,112
Intel HD Modded,112
Radeon X1950 Pro,112
Sapphire RADEON X800 GT,112
GeForce 310M,111
GeForce 9200M GS,111
Mobility Radeon HD 3400 Serisi,111
NVS 300,111
Radeon HD 4200,111
FireGL V7350,110
Radeon HD 2600 Pro AGP,110
GeForce 6800 LE,109
Radeon HD 4270,109
VIA/S3G Chrome 645/640 GPU,109
Quadro FX 370 LP,108
Radeon HD 4330,108
GeForce Go 6800,106
Matrox G200e WDDM 2.0,106
Radeon Infoshock 3000,106
Radeon X1950 GT,106
GeForce G105M,105
GeForce GT 320M,105
GeForce9400M,105
GeForce 9450,104
M880G with Mobility Radeon HD 4250,104
Mobility Radeon X1700,104
Quadro FX 3400/4400,104
Quadro FX 570M,104
Videocard Name,"Passmark G3D Mark
(higher is better)"
Radeon HD 6290,104
FireGL V3400,103
GeForce 9500M,103
Radeon HD 4350,103
GeForce 6800 GS/XT,102
GeForce 9300 GS,102
GeForce 9500M GS,102
Mobility Radeon HD 2400 XT,102
Quadro FX 370 Low Profile,102
GeForce 8300,101
GeForce 9400 GT,101
Intel Q35 Express,101
Quadro FX 4000,101
Quadro FX Go1400,101
GeForce 8300 GS,100
Intel Media Accelerator HD,100
GeForce 210,99
Quadro NVS 160M,99
GeForce 8400M GS,98
GeForce 9400,98
GeForce G210,98
Mobility Radeon HD 3430,98
Mobility Radeon HD 4250,98
Radeon 3000,98
Radeon X1600 Pro,98
GeForce 9300GE,97
ION LE,97
Quadro NVS 130M,97
RADEON X800 XT,97
Mobility Radeon HD serie 4200,96
GeForce 6700 XL,95
Radeon HD 3000,95
Matrox G200eW3 WDDM 2.0,94
MEDION RADEON X740XL,94
Mobility Radeon HD 3470,93
Mobility Radeon HD 3470 Hybrid X2,93
Quadro FX 370M,93
Radeon HD 6250,93
FireGL V5100,92
M880G with Mobility Radeon HD 4200,92
Mobility Radeon HD 4270,92
Mobility Radeon X1600,92
nForce 780a SLI,92
GeForce 8600 GS,91
GeForce G205M,91
Mobility Radeon HD 3450,91
RADEON X600XT,91
GeForce 8600M GT,90
Mobility Radeon HD 4200,90
Videocard Name,"Passmark G3D Mark
(higher is better)"
GeForce 7500 LE,89
GeForce 9300M GS,89
Mobility Radeon HD 2400,89
GeForce 6610 XL,88
Intel G41 Express Chipset,88
Intel G45/G43 Express Chipset,87
Quadro FX 360M,86
GeForce 6600,85
Quadro FX 350,85
ALL-IN-WONDER X800 GT,84
FireGL V3200,84
GeForce 9300M G,84
ION,84
Radeon X1300 PRO,84
Radeon X1650 Pro,84
RADEON X800 GT,84
GeForce 999 GTX,83
nForce 750a SLI,83
Quadro FX 370,83
Radeon HD 3200,82
GeForce 8400,81
GeForce 9100,81
GeForce 9300 SE,81
MOBILITY FireGL V5000,81
Mobility Radeon 4100,81
Mobility Radeon X2500,81
nForce 980a/780a SLI,81
RADEON X800 XT Platinum Edition,81
RADEON X850 XT,81
RADEON X850 XT Platinum Edition,81
GeForce 7300 GS,80
GeForce 7300 LE,80
Quadro FX 540,80
GeForce 8100 / nForce 720a,79
RADEON X800GT,79
GeForce 9300 GE,76
Radeon HD 2350,76
M860G with Mobility Radeon 4100,75
RADEON X700 PRO,75
GeForce 7350 LE,74
Radeon X1650 GTO,74
FireMV 2450,73
Mobility Radeon HD 4300 Serisi,73
Radeon 3100,73
RADEON X800 PRO/GTO,73
RADEON X700,72
RADEON X850 PRO,72
FireGL V7100,71
M880G with Mobility Radeon HD 4225,71
Videocard Name,"Passmark G3D Mark
(higher is better)"
MEDION RADEON 9800 XXL,71
Quadro NVS 295,71
Radeon X1650 SE,71
RADEON X700 SE,71
Diamond X1300-PCIE 256MB,70
FireGL V3300,70
GeForce 8600M GS,70
Quadro NVS 150M,70
Radeon X550XTX,70
BASICDISPLAY,69
GeForce Go 6600,69
Quadro FX 3000,69
Quadro NVS 140M,69
Quadro NVS 420,69
Radeon X1600 Pro / X1300XT,69
RADEON X800 XL,69
FireGL V3350,68
GeForce 8400 SE,68
GeForce 9100M G,68
GeForce 9400M,67
GeForce 9400M G,67
Intel G45/G43/G41 Express Chipset,67
Matrox G200eR WDDM 2.0,67
RADEON X600 PRO,67
GeForce 8400M GT,66
Intel B43 Express Chipset,66
Mobility Radeon HD 4225,66
MOBILITY RADEON X700,66
Quadro NVS 135M,66
Radeon X1550,66
GeForce Go 7400,65
GeForce 8200M G,64
GeForce G 105M,64
RADEON X800 PRO,64
GeForce G 103M,63
Quadro FX 550,63
Intel HD manual-15.28-1861,62
MOBILITY FireGL V3200,62
Mobility Radeon HD 3410,62
Quadro NVS 450,61
SAPPHIRE Radeon X1550,61
FireGL X1,59
GeForce FX 5950 Ultra,59
Matrox G200e WDDM 1.2,59
MOBILITY RADEON X700 XL,59
Radeon 2100,59
RADEON 9800 PRO,59
GeForce 6800 XE,58
GeForce 8400M G,58
Videocard Name,"Passmark G3D Mark
(higher is better)"
Intel G33/G31 Express,58
Radeon X1300,58
Intel - Express Chipset Q45/Q43,57
Intel G41 Express-Chipsatz,57
Intel Q45/Q43 Express-Chipsatz,57
RADEON 9800,57
Intel - Express Chipset G41,56
RADEON 9800 XT,56
RADEON X550XT,56
RADEON X600 256MB HyperMemory,56
GeForce 6200 TurboCache,53
RADEON 9700 PRO,53
FireGL V3100,52
GeForce Go 7300,52
Radeon Xpress 1300,52
FirePro 2450,51
GeForce 6600 LE,51
GeForce 7100 GS,51
GeForce FX Go5700,51
Matrox G200eh WDDM 1.2,51
RADEON E2400,51
Matrox G200eW WDDM 1.2,50
Mobile Intel 965 Express,50
Mobility Radeon HD 2300,50
MOBILITY RADEON X600,50
RADEON X550,50
MOBILITY RADEON X600 SE,49
Radeon X1050,49
Radeon X1600,49
RADEON X600 SE,49
Mobility Radeon X2300,48
Mobility Radeon X2300 HD,48
GeForce 7300 SE/7200 GS,47
Quadro NVS 110M,47
Radeon X1550 64-bit,47
SAPPHIRE RADEON 9600 ATLANTIS,47
Matrox G200eh WDDM 2.0,46
MOBILITY RADEON 9800,46
Quadro NVS 120M,46
FireMV 2250,45
GeForce Go 7200,45
Matrox G200eR WDDM 1.2,45
GeForce Go 6600 TE/6200 TE,44
Mobile Intel 4 Express-Chipsatzfamilie,44
Mobile Intel serie 4 Express,44
MOBILITY FireGL V5200,44
Quadro FX 350M,44
Radeon 9700 TX w/TV-Out,44
Mobile Intel 45 Express,43
Videocard Name,"Passmark G3D Mark
(higher is better)"
Matrox M9138 LP PCIe x16,42
Mobility Radeon X1400,42
Quadro NVS 285,42
RADEON 9600 PRO,42
Radeon Xpress 1250,42
GeForce 6200,41
GeForce 7050 / nForce 620i,41
GeForce FX 5900 Ultra,41
RADEON 9500 PRO / 9700,41
GeForce FX 5700,40
GeForce FX 5900XT,40
Matrox G200eh,40
Matrox M9148 LP PCIe x16,40
MOBILITY FIREGL T2,40
Radeon Xpress 1300M,40
GeForce 7300 SE,39
Matrox G200eW,39
MOBILITY RADEON 9600/9700,39
Mobility Radeon X1300,39
Mobility Radeon X1350,39
S3 Chrome 430 ULP,39
GeForce 6500,38
Mobile Intel - famiglia Express Chipset 45,38
Quadro NVS 285 128MB,38
RADEON X300SE,38
256MB DDR Radeon 9800 XT,37
GeForce 6200SE TurboCache,37
GeForce 7050 / nForce 630i,37
Quadro NVS 440,37
Radeon X1250,37
CONNECT 3D RADEON X300,36
FireMV 2200 PCIe,36
Matrox G200eR,36
MOBILITY RADEON 9600,36
RADEON 9500,36
GeForce 7100 / nForce 630i,35
Quadro FX 1100,35
RADEON 9600 XT,35
Radeon Xpress 1200,35
GeForce FX 5700 Ultra,34
GeForce FX 5900,34
GeForce PCX 5750,34
GeForce PCX 5900,34
Quadro FX 1000,34
Quadro FX 1300,34
RADEON 9550,34
Radeon Xpress 1100,34
GeForce 6150 LE,33
GeForce 7150 / nForce 630i,33
Videocard Name,"Passmark G3D Mark
(higher is better)"
GeForce FX 5700VE,33
MOBILITY FIREGL T2/T2e,33
Mobility Radeon X1450,33
MOBILITY RADEON X300,33
S3 Chrome S27 DDR3,33
GeForce 6200 A-LE,32
GeForce 7025 / nForce 630a,32
GeForce FX 5900ZT,32
Intel Media Accelerator,32
Radeon X1200,32
GeForce 6150SE nForce 430,31
GeForce 7050 PV / nForce 630a,31
Matrox M9128 LP PCIe x16,31
Radeon X1270,31
Red Hat QXL controller,31
All-in-Wonder X1800XL,30
FireGL T2-128,30
MOBILITY RADEON 9550,30
GeForce 6100 nForce 405,29
Radeon 9550 / X1050,29
Radeon Xpress 1150,29
RADEON XPRESS 200,29
GeForce 6200 LE,28
GeForce 6100,27
MOBILITY FireGL V5250,27
MOBILITY RADEON 9700,27
MOBILITY RADEON XPRESS 200,27
RADEON 9600SE,27
GeForce 7100 / nForce 620i,26
RADEON 9600 PRO Family,26
Radeon Xpress 1270,26
GeForce 6100 nForce 400,25
GeForce 6100 nForce 420,25
GeForce 7050 / nForce 610i,25
Matrox M9120 Plus LP PCIe x16,25
Matrox M9125 PCIe x16,25
PHDGD Sapphire GR for Mobile Intel 965,25
RADEON 9600 Family,25
GeForce 6150SE,24
GeForce FX 5700LE,24
GeForce Go 6400,24
Mobile Intel 965 Express-Chipsatzfamilie,24
MOBILITY RADEON 9600 PRO TURBO,24
ALL-IN-WONDER 9800,23
GeForce 6100 nForce 430,23
GeForce 7200 GS,23
Matrox M9140 LP PCIe x16,23
Quadro NVS 210S,23
RADEON 9800 SE,23
Videocard Name,"Passmark G3D Mark
(higher is better)"
RADEON A9800XT,22
RADEON XPRESS 200M,22
GeForce 6150,21
PHDGD Solo 2 x64,20
Quadro NVS 210S / GeForce 6150LE,20
GeForce Go 6150,19
Matrox M9120 PCIe x16,19
GeForce 7150M / nForce 630M,18
Quadro FX 2000,18
QXL KMDOD,18
RADEON 9600 TX Family,18
RADEON XPRESS 200 CROSSFIRE,18
S3 Chrome S25 DDR2,18
GeForce FX 5600 Ultra,17
GeForce FX Go 5600,17
GeForce Go 6100,17
Mobile Intel965 Express,17
GeForce FX Go5650,16
GRID V100-8Q,16
GeForce Go 6200,15
NV44,15
Quadro FX 500/600 PCI,14
Radeon HD 2400 PCI,14
GeForce 7000M,13
GeForce 7000M / nForce 610M,12
GeForce FX 5200 Ultra,12
GeForce FX 5600,12
GeForce FX Go5300,12
Intel 82945G Express,12
FireMV 2400 PCIe,11
GeForce FX 5200SE,11
PHDGD Solo 1.2.0 x86,11
RGH Drivers v3,11
Master X3100 Driver,10
MOBILITY IGP 9000/9100,10
ASUS A7000,9
GeForce FX 5600XT,9
Matrox Parhelia 256MB,9
VIA Chrome9 HD IGP,9
GeCube RADEON 7000,8
GeForce FX 5500,8
GeForce FX Go 5200,8
Intel 82945G Express-Chipsatzfamilie,8
Intel Q35 Embedded,8
Mobile Intel 965 Express - BR-0907-0461 v1839,8
Quadro NVS 280 PCI,8
ASUS V9520-X V62.11,7
GeForce FX 5100,7
GeForce FX 5200,7
Videocard Name,"Passmark G3D Mark
(higher is better)"
GeForce FX 5200LE,7
GeForce4 Ti 4400,7
Intel US15 Embedded Media and Controller,7
MOBILITY RADEON 9000 IGP,7
Quadro FX 500/FX 600,7
GeForce PCX 5300,6
GeForce2 Ultra,6
GeForce4 MX Integrated GPU,6
GeForce4 Ti 4800 SE,6
Intel Media Accelerator 600,6
Matrox Millennium P690 Plus LP PCIe x16,6
MOBILITY RADEON 7000 IGP,6
Quadro NVS 55/280 PCI,6
Quadro4 380 XGL,6
RADEON 8500 Family,6
RADEON 9100 Family,6
RADEON IGP 350M,6
V9560XT,6
ALL-IN-WONDER RADEON 8500DV,5
GeForce 256,5
GeForce4 420 Go 32M,5
GeForce4 440 Go 64M,5
GeForce4 448 Go,5
GeForce4 Ti 4200,5
GeForce4 Ti 4600,5
GeForce4 Ti 4800,5
Intel 82915G Express,5
Intel Q33 Express,5
Matrox Millennium P650 PCIe 128,5
Matrox Parhelia APVe,5
Mobile Intel 945GM Express,5
Mobile Intel 945GM/GU Express,5
MOBILITY RADEON 9000/9100 IGP,5
NVIDIA GeForce3 Ti200,5
Quadro 280 NVS PCIe,5
Quadro4 980 XGL,5
RADEON 9100 IGP,5
SAPPHIRE RADEON 9000 ATLANTIS PRO,5
VIA/S3G UniChromeII,5
Xabre,5
ALL-IN-WONDER 9000,4
ASUS AGP-V3800PRO v31.40H,4
Dell 8200,4
GeForce2 Go,4
GeForce2 Integrated GPU,4
GeForce2 MX with DVI-D and TV-out,4
GeForce2 Ti,4
GeForce3,4
GeForce3 Ti 200,4
Videocard Name,"Passmark G3D Mark
(higher is better)"
GeForce4 440,4
GeForce4 MX 4000,4
GeForce4 MX 420,4
GeForce4 MX 440,4
GeForce4 MX 440 with AGP8X,4
GeForce4 MX 440SE,4
GeForce4 MX 460,4
Intel 82865G Controller,4
"Intel 915G,910G Express",4
Intel 915G/915GV/910GL Embedded Controller Functio,4
Intel 945G Embedded Chipset Function 0,4
MOBILITY FIREGL 7800,4
MOBILITY/RADEON 9000,4
Quadro2 MXR/EX,4
Quadro4 900 XGL,4
RADEON 7500 Family,4
RADEON 9000,4
VIA Chrome9 HC IGP,4
VIA/S3G KM400/KN400,4
VIA/S3G UniChrome IGP,4
VIA/S3G UniChrome Pro IGP,4
WinFast A250 LE,4
XGI Volari Family v1.13.23.D_V,4
ABIT Siluro T400,3
AMIGAMERLIN 3.1-R1 For Voodoo 4 4500 PCI,3
GeForce 6200A,3
GeForce2 GTS/GeForce2 Pro,3
GeForce2 MX 100/200,3
GeForce2 MX/MX 400,3
GeForce4 420 Go,3
GeForce4 4200 Go,3
GeForce4 440 Go,3
Intel 82915G/915GV/910GL,3
Intel 82915G/GV/910GL Express,3
Intel 865 Embedded Controller,3
Intel 946GZ Embedded Chipset,3
Intel Media Accelerator 500,3
Matrox Parhelia 128MB,3
MOBILITY RADEON 7500,3
MOBILITY RADEON 9000,3
MOBILITY RADEON 9200,3
RADEON 7000 / RADEON VE Family,3
RADEON 7500,3
RADEON 9000 Family,3
RADEON 9200,3
RADEON IGP 320,3
Radeon IGP 320M,3
Rage Fury Pro/Xpert 2000 Pro,3
RIVA TNT2 Model 64/Model 64 Pro,3
Videocard Name,"Passmark G3D Mark
(higher is better)"
RIVA TNT2/TNT2 Pro,3
S3 Inc. Savage4,3
Vanta/Vanta LT,3
VIA Chrome9 HC IGP Family,3
VIA Chrome9 HC IGP Family WDDM,3
VIA Chrome9 HC IGP WDDM 1.1,3
VIA/S3G DeltaChrome IGP,3
Dell 8100,2
GeForce2 MX,2
GeForce2 MX with TV Out,2
GeForce3 Ti 500,2
Intel 82845G Controller,2
Intel 82845G/GL Controller,2
Intel 82845G/GL/GE/PE/GV Controller,2
Intel 82915G/GV/910GL Advanced v3.5,2
Intel 946GZ Express,2
Intel GMA 3150 Express,2
Intel Media Accelerator 3150,2
MOBILITY RADEON 9100 IGP,2
Quadro NVS 280 SD,2
Radeon 7000 / Radeon VE,2
RADEON 7200,2
RADEON 9200 LE Family,2
RADEON 9200 PRO Family,2
RADEON 9200 SE,2
RADEON 9250,2
Radeon IGP 340M,2
RADEON IGP 345M,2
Radeon VE,2
VIA Chrome9 HC IGP Prerelease WDDM 1.1,2
VIA Chrome9 HC IGP WDDM,2
VIA Chrome9 HC3 IGP,2
FireMV 2200 PCI,1
Intel 82852/82855 GM/GME Controller,1
Intel Extreme Controller,1
Mobile Intel 915GM/GMS/910GML Express,1
Mobile Intel 945 Express,1
Quadro2 Pro,1
RADEON IGP 34xM,1
Rage 128 Pro,1
RAGE 128 PRO AGP 4X TMDS,1
S3 ProSavageDDR,1
S3 SuperSavage/IXC 1014,1
VIA Chrome9 HCM IGP,1
VisionTek Radeon 7000,1